Device,Comment
X0,AUTOMATE_PRESENT
X1,PRACA
X4,STOP_BUTTON
X5,PROGRAM_1_BUTTON
X6,PROGRAM_2_BUTTON
X7,PROGRAM_3_BUTTON
X10,PROGRAM_4_BUTTON
X11,PROGRAM_5_BUTTON
X12,PROGRAM_6_BUTTON
X13,MANUAL_FREE
X27,RM5_CH1
Y0,PITSTART_CREDITS
Y1,PILOTAGGIO_POMPA
Y2,PROGRAM_1_OUT
Y3,PROGRAM_2_OUT
Y4,PROGRAM_3_OUT
Y5,PROGRAM_4_OUT
Y6,PROGRAM_5_OUT
Y7,PROGRAM_6_OUT
Y23,RM5_INHIBIT
Y27,WORK_LIGHTS
M300,AUTOMATE_PRESENT
M301,PRACA
M302,MANUAL_FREE
M320,RM5_ACCEPTED_PULSE
M321,RM5_PACKET_ACTIVE
M330,CREDIT_ON_PHASE
M331,CREDIT_OFF_PHASE
M400,HMI_STOP
M401,HMI_PROGRAM_1
M402,HMI_PROGRAM_2
M403,HMI_PROGRAM_3
M404,HMI_PROGRAM_4
M405,HMI_PROGRAM_5
M406,HMI_PROGRAM_6
M410,PILOTAGGIO_ENABLE
M411,RESET_DIAG_COUNTERS
M412,WORK_ACTIVE
M413,RM5_VALUE_OK
M414,WORK_LIGHTS_ENABLE
M415,TARIFF_CONFIG_OK
M416,ONE_SECOND_TICK
M417,NEW_SESSION_PULSE
M419,HMI_WAKE_REQUEST
M420,PROGRAM_1_ACTIVE
M421,PROGRAM_2_ACTIVE
M422,PROGRAM_3_ACTIVE
M423,PROGRAM_4_ACTIVE
M424,PROGRAM_5_ACTIVE
M425,PROGRAM_6_ACTIVE
M426,TIME_DISPLAY_VALID
M427,CREDIT_AVAILABLE
M429,SYNC_WITH_PRACA
M430,RUN_TIME_ENABLE
M431,AUTO_START_TIMER_ENABLE
M432,AUTO_TIMER_ACTIVE
M433,COUNTDOWN_ENABLE
M440,STOP_CMD
M441,PROGRAM_1_CMD
M442,PROGRAM_2_CMD
M443,PROGRAM_3_CMD
M444,PROGRAM_4_CMD
M445,PROGRAM_5_CMD
M446,PROGRAM_6_CMD
M451,PROGRAM_1_SELECT
M452,PROGRAM_2_SELECT
M453,PROGRAM_3_SELECT
M454,PROGRAM_4_SELECT
M455,PROGRAM_5_SELECT
M456,PROGRAM_6_SELECT
D300,RM5_CH1_VALUE_X0_10EUR
D320,RM5_PACKET_PULSES
D330,CREDIT_PULSE_QUEUE
D350,TIME_LEFT_SECONDS
D351,RESERVED
D500,VERSION_TEXT_0
D501,VERSION_TEXT_1
D502,VERSION_TEXT_2
D503,VERSION_TERM
D516,VERSION_MAJOR
D517,VERSION_MINOR
D518,VERSION_PATCH
D521,LAST_RM5_PACKET
D522,LAST_COUNTER_PULSES
D523,LAST_COUNTER_HIGH
D524,SESSION_RM5_PULSES
D525,EXPECTED_COUNTER_LOW
D526,EXPECTED_COUNTER_HIGH
D528,CLOCK_CORRECTION_X100
D533,COUNTER_SENT
D534,COUNTER_TIME_LOW
D535,COUNTER_TIME_HIGH
D540,TIME_LEFT_MINUTES
D541,TIME_LEFT_SECONDS_PART
D542,PACKET_COUNTER_LOW
D543,PACKET_COUNTER_HIGH
D549,MAX_CREDIT_X0_10EUR
D550,BASE_PRICE_X0_10EUR
D551,PROGRAM_1_TIME_SEC
D552,PROGRAM_2_TIME_SEC
D553,PROGRAM_3_TIME_SEC
D554,PROGRAM_4_TIME_SEC
D555,PROGRAM_5_TIME_SEC
D556,PROGRAM_6_TIME_SEC
D557,SELECTED_PROGRAM_TIME
D558,SELECTED_PROGRAM_NO
D559,TIME_BAR_MAX
D560,REMAINING_CREDIT_SCALED
D561,CREDIT_FRACTION_ACC
D562,CREDIT_CONSUME_TICK
D563,CREDIT_REMAINDER
D565,HMI_WAKE_EVENT_COUNTER
D566,MAX_CREDIT_SCALED
D567,MAX_CREDIT_ADD_LIMIT
D568,BASE_PRICE_SCALED
D569,RESERVED
D570,CALC_32_LOW
D571,CALC_32_HIGH
D574,DIV_RESULT_LOW
D575,DIV_RESULT_HIGH
D576,DIV_REMAINDER_LOW
D577,DIV_REMAINDER_HIGH
D580,REMAINING_0_10EUR_UNITS
D581,CREDIT_FRACTION_0_99
D582,REMAINING_CENTS
D583,CREDIT_TENTH_CENT_REM
T200,RM5_PACKET_TIMEOUT
T201,CREDIT_ON_TIMER
T202,CREDIT_OFF_TIMER
T203,HMI_WAKE_TIMER
M8000,PLC_ALWAYS_ON
M8002,PLC_FIRST_SCAN
M8013,PLC_1S_CLOCK
